{
  "users": [
    {
      "name": "Jedediah McCullough",
      "dob": "1961-10-19",
      "email": "Jedediah_McCullough@hotmail.com",
      "username": "Jedediah.McCullough66",
      "password": "dwBNdSloOWJEIyC",
      "phone": "(608) 315-4096",
      "streetaddress": "83532 Lucius Street",
      "citystatezip": "Elouisetown, NH 55554-8453",
      "latitude": "85.1060",
      "longitude": "-79.2314",
      "avatar": "https://s3.amazonaws.com/uifaces/faces/twitter/ponchomendivil/128.jpg"
    },
    {
      "name": "Cielo McDermott",
      "dob": "1953-1-11",
      "email": "Cielo_McDermott@hotmail.com",
      "username": "Cielo_McDermott27",
      "password": "BAvtnwDQL7wT80Q",
      "phone": "(239) 857-9352 x46249",
      "streetaddress": "124 Franecki Forge",
      "citystatezip": "East Daisystad, MA 91226",
      "latitude": "-79.1663",
      "longitude": "159.7712",
      "avatar": "https://s3.amazonaws.com/uifaces/faces/twitter/ah_lice/128.jpg"
    },
    {
      "name": "Sunny Reilly II",
      "dob": "1944-1-21",
      "email": "Sunny_Reilly5@hotmail.com",
      "username": "Sunny.Reilly74",
      "password": "Mc7WDHd7C1xxD6Z",
      "phone": "520.403.1621 x294",
      "streetaddress": "61201 Ezequiel Prairie",
      "citystatezip": "West Romaine, WA 99444-6163",
      "latitude": "65.6788",
      "longitude": "-3.0929",
      "avatar": "https://s3.amazonaws.com/uifaces/faces/twitter/peejfancher/128.jpg"
    },
    {
      "name": "Kennedi Powlowski",
      "dob": "1945-12-17",
      "email": "Kennedi26@gmail.com",
      "username": "Kennedi_Powlowski11",
      "password": "kqImy1c8I7HOUZc",
      "phone": "392-559-0506 x9106",
      "streetaddress": "86193 Shanon Extensions",
      "citystatezip": "Hyattfort, WY 23451-1045",
      "latitude": "-53.9120",
      "longitude": "-28.2407",
      "avatar": "https://s3.amazonaws.com/uifaces/faces/twitter/justinrgraham/128.jpg"
    },
    {
      "name": "Vance Schoen",
      "dob": "1951-5-21",
      "email": "Vance_Schoen@gmail.com",
      "username": "Vance.Schoen",
      "password": "vBQRMCyh5odtvQm",
      "phone": "310.277.0327 x49603",
      "streetaddress": "22807 Hal Points",
      "citystatezip": "Hilllport, PA 27393-7704",
      "latitude": "86.7280",
      "longitude": "-24.7817",
      "avatar": "https://s3.amazonaws.com/uifaces/faces/twitter/svenlen/128.jpg"
    },
    {
      "name": "Mr. Gunner Flatley",
      "dob": "1987-6-23",
      "email": "Gunner57@gmail.com",
      "username": "Gunner_Flatley34",
      "password": "baj2JiMarK8wFot",
      "phone": "894-874-8763 x5741",
      "streetaddress": "8259 Ignatius Viaduct",
      "citystatezip": "East Tiamouth, NY 15958",
      "latitude": "55.9689",
      "longitude": "44.4777",
      "avatar": "https://s3.amazonaws.com/uifaces/faces/twitter/janpalounek/128.jpg"
    },
    {
      "name": "Derick Buckridge",
      "dob": "1990-1-14",
      "email": "Derick30@yahoo.com",
      "username": "Derick.Buckridge",
      "password": "ZGpPUPqqoIuEfWB",
      "phone": "(517) 961-9099",
      "streetaddress": "23536 Katherine Rapids",
      "citystatezip": "Norwoodmouth, NC 86627",
      "latitude": "44.2096",
      "longitude": "-98.2479",
      "avatar": "https://s3.amazonaws.com/uifaces/faces/twitter/omnizya/128.jpg"
    },
    {
      "name": "Enoch VonRueden",
      "dob": "1968-5-19",
      "email": "Enoch89@yahoo.com",
      "username": "Enoch67",
      "password": "YPojn__T4UQ6mVC",
      "phone": "516.328.5061",
      "streetaddress": "92636 Rene Turnpike",
      "citystatezip": "Schowalterport, LA 05203-5191",
      "latitude": "-40.4500",
      "longitude": "145.8058",
      "avatar": "https://s3.amazonaws.com/uifaces/faces/twitter/nickfratter/128.jpg"
    },
    {
      "name": "Kenyatta Kuphal IV",
      "dob": "1986-3-26",
      "email": "Kenyatta21@yahoo.com",
      "username": "Kenyatta.Kuphal67",
      "password": "a1mBbMlz6z33SUk",
      "phone": "524-788-7827",
      "streetaddress": "27593 Tremblay Unions",
      "citystatezip": "New Alecshire, NE 28747-4815",
      "latitude": "-10.2726",
      "longitude": "-137.6809",
      "avatar": "https://s3.amazonaws.com/uifaces/faces/twitter/g3d/128.jpg"
    },
    {
      "name": "Minerva Morissette",
      "dob": "1953-8-26",
      "email": "Minerva_Morissette84@hotmail.com",
      "username": "Minerva1",
      "password": "PM3uVESaDhBRjU2",
      "phone": "(216) 773-8638 x918",
      "streetaddress": "597 Orie Mews",
      "citystatezip": "Bartellmouth, AR 02031",
      "latitude": "-78.1267",
      "longitude": "-102.5084",
      "avatar": "https://s3.amazonaws.com/uifaces/faces/twitter/teeragit/128.jpg"
    },
    {
      "name": "Annabelle O'Keefe",
      "dob": "1989-2-27",
      "email": "Annabelle_OKeefe94@hotmail.com",
      "username": "Annabelle.OKeefe",
      "password": "_R7SvMOXqcAmilx",
      "phone": "518.838.5548 x41636",
      "streetaddress": "3112 Bednar Villages",
      "citystatezip": "Cleorabury, KY 26737",
      "latitude": "20.7850",
      "longitude": "178.4614",
      "avatar": "https://s3.amazonaws.com/uifaces/faces/twitter/mbilalsiddique1/128.jpg"
    },
    {
      "name": "Susanna Purdy",
      "dob": "1986-7-31",
      "email": "Susanna60@yahoo.com",
      "username": "Susanna_Purdy",
      "password": "W9n4q8fQsTNR73u",
      "phone": "564.233.7520",
      "streetaddress": "12119 Tamara Hill",
      "citystatezip": "South Braeden, OH 03667",
      "latitude": "-61.4941",
      "longitude": "-30.2974",
      "avatar": "https://s3.amazonaws.com/uifaces/faces/twitter/happypeter1983/128.jpg"
    },
    {
      "name": "Elfrieda Hahn",
      "dob": "1960-5-27",
      "email": "Elfrieda.Hahn20@yahoo.com",
      "username": "Elfrieda.Hahn",
      "password": "CjQ6zN1IbDQ_uBI",
      "phone": "527-910-0055",
      "streetaddress": "8044 Olson Trace",
      "citystatezip": "South Reid, TN 25153",
      "latitude": "4.2199",
      "longitude": "48.7163",
      "avatar": "https://s3.amazonaws.com/uifaces/faces/twitter/_victa/128.jpg"
    },
    {
      "name": "Maye Bahringer",
      "dob": "1990-5-15",
      "email": "Maye55@hotmail.com",
      "username": "Maye.Bahringer",
      "password": "77d3VHHOgzuBm1Y",
      "phone": "(308) 578-2411 x642",
      "streetaddress": "7597 Lebsack Trafficway",
      "citystatezip": "Amayafort, LA 54910",
      "latitude": "84.7588",
      "longitude": "-8.7310",
      "avatar": "https://s3.amazonaws.com/uifaces/faces/twitter/amywebbb/128.jpg"
    },
    {
      "name": "Saige Bergstrom",
      "dob": "1955-3-3",
      "email": "Saige_Bergstrom45@hotmail.com",
      "username": "Saige67",
      "password": "B3xXokuaHD9viTQ",
      "phone": "(648) 242-1959 x349",
      "streetaddress": "47085 Dooley Spring",
      "citystatezip": "Orloberg, MN 48882-9867",
      "latitude": "-26.2019",
      "longitude": "31.8900",
      "avatar": "https://s3.amazonaws.com/uifaces/faces/twitter/russell_baylis/128.jpg"
    },
    {
      "name": "Vita Terry",
      "dob": "1957-6-12",
      "email": "Vita68@gmail.com",
      "username": "Vita40",
      "password": "A038HuZYUt7aKnr",
      "phone": "(232) 871-2174",
      "streetaddress": "19207 Cloyd Terrace",
      "citystatezip": "Lake Dagmarhaven, AL 76401-8637",
      "latitude": "50.1293",
      "longitude": "-156.2557",
      "avatar": "https://s3.amazonaws.com/uifaces/faces/twitter/kolage/128.jpg"
    },
    {
      "name": "Susan Ward",
      "dob": "1975-10-21",
      "email": "Susan32@hotmail.com",
      "username": "Susan.Ward74",
      "password": "q8bftWHJ86r6hUs",
      "phone": "1-690-809-9595",
      "streetaddress": "481 Rau Road",
      "citystatezip": "Port Kaylaport, VA 00146-5832",
      "latitude": "-45.6257",
      "longitude": "-44.9320",
      "avatar": "https://s3.amazonaws.com/uifaces/faces/twitter/dss49/128.jpg"
    },
    {
      "name": "Burley Rutherford",
      "dob": "1965-10-1",
      "email": "Burley34@gmail.com",
      "username": "Burley.Rutherford54",
      "password": "PuwdECMx2oa4aGt",
      "phone": "233-766-1685",
      "streetaddress": "878 Johns Ville",
      "citystatezip": "Lake Taylor, MO 22643-1444",
      "latitude": "-42.4312",
      "longitude": "-5.1193",
      "avatar": "https://s3.amazonaws.com/uifaces/faces/twitter/guiiipontes/128.jpg"
    },
    {
      "name": "Ivy Botsford",
      "dob": "1949-12-2",
      "email": "Ivy99@hotmail.com",
      "username": "Ivy_Botsford85",
      "password": "OOYY60YXTxcADpf",
      "phone": "(969) 540-4903 x8236",
      "streetaddress": "976 Price Port",
      "citystatezip": "North Nicklausfort, MT 13188-1486",
      "latitude": "8.1978",
      "longitude": "134.3617",
      "avatar": "https://s3.amazonaws.com/uifaces/faces/twitter/dahparra/128.jpg"
    },
    {
      "name": "Annabell Corkery",
      "dob": "1986-5-25",
      "email": "Annabell.Corkery67@gmail.com",
      "username": "Annabell_Corkery20",
      "password": "6qdxe673Sdq_qXN",
      "phone": "470-578-7480 x87405",
      "streetaddress": "145 Denesik Estate",
      "citystatezip": "North Evelynstad, AR 22106",
      "latitude": "-58.4145",
      "longitude": "165.0497",
      "avatar": "https://s3.amazonaws.com/uifaces/faces/twitter/scottkclark/128.jpg"
    },
    {
      "name": "Madie Kunze",
      "dob": "1951-2-20",
      "email": "Madie64@hotmail.com",
      "username": "Madie.Kunze35",
      "password": "VqY54D1rFqGIk2e",
      "phone": "1-368-898-1468",
      "streetaddress": "2888 Mraz Ports",
      "citystatezip": "Beahanfort, OH 18073",
      "latitude": "-59.7477",
      "longitude": "94.7570",
      "avatar": "https://s3.amazonaws.com/uifaces/faces/twitter/cybind/128.jpg"
    },
    {
      "name": "Mr. Stanford Schowalter",
      "dob": "1955-6-1",
      "email": "Stanford.Schowalter@gmail.com",
      "username": "Stanford62",
      "password": "vuaNBvpCY5Gta3x",
      "phone": "(693) 233-2557 x611",
      "streetaddress": "90692 Quincy Knoll",
      "citystatezip": "Rhodashire, WY 80455",
      "latitude": "-50.7629",
      "longitude": "-15.5280",
      "avatar": "https://s3.amazonaws.com/uifaces/faces/twitter/russell_baylis/128.jpg"
    },
    {
      "name": "Alvah Torp",
      "dob": "1972-1-4",
      "email": "Alvah_Torp@hotmail.com",
      "username": "Alvah_Torp",
      "password": "LCR19YrqAtAIt0J",
      "phone": "310.568.8612 x766",
      "streetaddress": "62966 Benedict Drive",
      "citystatezip": "Willchester, NV 12310-7652",
      "latitude": "-44.6525",
      "longitude": "17.6870",
      "avatar": "https://s3.amazonaws.com/uifaces/faces/twitter/buryaknick/128.jpg"
    },
    {
      "name": "Dasia Keeling",
      "dob": "1978-10-8",
      "email": "Dasia.Keeling@hotmail.com",
      "username": "Dasia_Keeling",
      "password": "goqjhgTBCgCELZA",
      "phone": "493.227.4093",
      "streetaddress": "16434 Padberg Branch",
      "citystatezip": "Haagmouth, NM 68713-4490",
      "latitude": "16.5795",
      "longitude": "-46.1704",
      "avatar": "https://s3.amazonaws.com/uifaces/faces/twitter/moynihan/128.jpg"
    },
    {
      "name": "Brian Goyette V",
      "dob": "1984-12-20",
      "email": "Brian.Goyette4@gmail.com",
      "username": "Brian6",
      "password": "Fu0EOj_TcD3pvMb",
      "phone": "925.494.5992",
      "streetaddress": "6742 Burnice Highway",
      "citystatezip": "Franeckimouth, AR 00456-1016",
      "latitude": "32.6782",
      "longitude": "87.9748",
      "avatar": "https://s3.amazonaws.com/uifaces/faces/twitter/r_garcia/128.jpg"
    },
    {
      "name": "Althea Rosenbaum",
      "dob": "1949-10-9",
      "email": "Althea_Rosenbaum99@yahoo.com",
      "username": "Althea36",
      "password": "3L9jKPxLMLy29Bg",
      "phone": "(531) 842-8620",
      "streetaddress": "177 Ruth Squares",
      "citystatezip": "East Ramiroberg, MI 10841",
      "latitude": "59.3104",
      "longitude": "114.3012",
      "avatar": "https://s3.amazonaws.com/uifaces/faces/twitter/poormini/128.jpg"
    },
    {
      "name": "Zola Bartell",
      "dob": "1985-6-1",
      "email": "Zola.Bartell@gmail.com",
      "username": "Zola46",
      "password": "qEBD7IjahXR6oWk",
      "phone": "345-364-0061 x61626",
      "streetaddress": "5460 Dangelo Rue",
      "citystatezip": "Lelahbury, OH 17745",
      "latitude": "-3.5621",
      "longitude": "150.1456",
      "avatar": "https://s3.amazonaws.com/uifaces/faces/twitter/txcx/128.jpg"
    },
    {
      "name": "Abagail McCullough",
      "dob": "1972-7-6",
      "email": "Abagail_McCullough82@hotmail.com",
      "username": "Abagail_McCullough29",
      "password": "HoX59KC4mvah7t8",
      "phone": "1-793-393-1652 x2806",
      "streetaddress": "2446 Herzog Ranch",
      "citystatezip": "Khalidhaven, NJ 12955",
      "latitude": "-19.1909",
      "longitude": "-143.7485",
      "avatar": "https://s3.amazonaws.com/uifaces/faces/twitter/phillapier/128.jpg"
    },
    {
      "name": "Brennon Lakin",
      "dob": "1991-3-27",
      "email": "Brennon82@yahoo.com",
      "username": "Brennon78",
      "password": "xnXj_6SmF1Zx_JC",
      "phone": "(355) 288-9074 x398",
      "streetaddress": "25391 Cali Crossroad",
      "citystatezip": "Amyafort, WI 17545-1482",
      "latitude": "50.6047",
      "longitude": "-94.9771",
      "avatar": "https://s3.amazonaws.com/uifaces/faces/twitter/designervzm/128.jpg"
    },
    {
      "name": "Sarah Zemlak",
      "dob": "1956-10-7",
      "email": "Sarah_Zemlak52@yahoo.com",
      "username": "Sarah_Zemlak",
      "password": "tDY9TMSlkQuYe0m",
      "phone": "973.459.5273",
      "streetaddress": "837 Carmine Forge",
      "citystatezip": "West Amani, IL 74912-6152",
      "latitude": "-27.1660",
      "longitude": "78.2625",
      "avatar": "https://s3.amazonaws.com/uifaces/faces/twitter/brandonmorreale/128.jpg"
    },
    {
      "name": "Fritz McDermott",
      "dob": "1992-1-15",
      "email": "Fritz.McDermott53@gmail.com",
      "username": "Fritz_McDermott99",
      "password": "NY3oQs27aq3GTjL",
      "phone": "827-716-7197",
      "streetaddress": "287 Tillman Crossroad",
      "citystatezip": "Madisonchester, NJ 57434",
      "latitude": "9.4831",
      "longitude": "163.7144",
      "avatar": "https://s3.amazonaws.com/uifaces/faces/twitter/Skyhartman/128.jpg"
    },
    {
      "name": "Lavonne Hoppe",
      "dob": "1943-9-4",
      "email": "Lavonne.Hoppe63@gmail.com",
      "username": "Lavonne.Hoppe",
      "password": "wV3bc1f1DflNlS3",
      "phone": "(797) 740-0534 x289",
      "streetaddress": "072 Melissa Trace",
      "citystatezip": "South Osvaldofort, VT 84458-8837",
      "latitude": "-43.9488",
      "longitude": "72.6764",
      "avatar": "https://s3.amazonaws.com/uifaces/faces/twitter/fabbianz/128.jpg"
    },
    {
      "name": "Carolyne Roob",
      "dob": "1947-11-7",
      "email": "Carolyne77@gmail.com",
      "username": "Carolyne91",
      "password": "EBNqthAJcShgCWB",
      "phone": "540.253.1854 x8461",
      "streetaddress": "1111 Schamberger Grove",
      "citystatezip": "Lake Jake, NH 63557",
      "latitude": "-11.6940",
      "longitude": "-168.3323",
      "avatar": "https://s3.amazonaws.com/uifaces/faces/twitter/yigitpinarbasi/128.jpg"
    },
    {
      "name": "Elmore Davis",
      "dob": "1955-5-12",
      "email": "Elmore.Davis@yahoo.com",
      "username": "Elmore38",
      "password": "kPzGibay9LfACt1",
      "phone": "(545) 865-5630 x87331",
      "streetaddress": "57781 Ruthe Lakes",
      "citystatezip": "New Jeramy, MN 77046-1184",
      "latitude": "-5.7589",
      "longitude": "-144.7243",
      "avatar": "https://s3.amazonaws.com/uifaces/faces/twitter/charliegann/128.jpg"
    },
    {
      "name": "Clemens Bosco",
      "dob": "1943-12-30",
      "email": "Clemens_Bosco@hotmail.com",
      "username": "Clemens24",
      "password": "yVbg8wP8ticMGNN",
      "phone": "550-798-9126 x0811",
      "streetaddress": "9024 Jordy Pike",
      "citystatezip": "Uptonland, KY 11817",
      "latitude": "8.1362",
      "longitude": "25.5577",
      "avatar": "https://s3.amazonaws.com/uifaces/faces/twitter/lososina/128.jpg"
    },
    {
      "name": "Mrs. Sage Flatley",
      "dob": "1951-12-1",
      "email": "Sage48@gmail.com",
      "username": "Sage.Flatley73",
      "password": "73HOvml0GsaPYK6",
      "phone": "703.288.3815 x92413",
      "streetaddress": "73598 Chandler Circle",
      "citystatezip": "Feestside, HI 61391-9967",
      "latitude": "-59.3149",
      "longitude": "-174.0175",
      "avatar": "https://s3.amazonaws.com/uifaces/faces/twitter/rehatkathuria/128.jpg"
    },
    {
      "name": "Haley Stiedemann",
      "dob": "1971-11-8",
      "email": "Haley46@gmail.com",
      "username": "Haley.Stiedemann67",
      "password": "spvfYvDNzouXSpu",
      "phone": "423.977.5032",
      "streetaddress": "279 Myrtle Loaf",
      "citystatezip": "South Whitneystad, SC 87067",
      "latitude": "-48.1579",
      "longitude": "20.0209",
      "avatar": "https://s3.amazonaws.com/uifaces/faces/twitter/serefka/128.jpg"
    },
    {
      "name": "Aisha Hagenes",
      "dob": "1990-5-31",
      "email": "Aisha18@hotmail.com",
      "username": "Aisha.Hagenes72",
      "password": "aSMHUCCrrKOTEuu",
      "phone": "652-511-9942",
      "streetaddress": "44228 Alaina Ways",
      "citystatezip": "Lockmanland, DE 84160-8419",
      "latitude": "-22.3559",
      "longitude": "162.6507",
      "avatar": "https://s3.amazonaws.com/uifaces/faces/twitter/gt/128.jpg"
    },
    {
      "name": "Gavin Hamill",
      "dob": "1961-1-15",
      "email": "Gavin69@gmail.com",
      "username": "Gavin_Hamill",
      "password": "Dg1fVUNbuosO96n",
      "phone": "251-700-0012 x216",
      "streetaddress": "1581 Rath Gateway",
      "citystatezip": "West Aliya, MT 01815",
      "latitude": "-78.5351",
      "longitude": "124.7275",
      "avatar": "https://s3.amazonaws.com/uifaces/faces/twitter/okseanjay/128.jpg"
    },
    {
      "name": "Clovis Satterfield",
      "dob": "1986-5-10",
      "email": "Clovis55@hotmail.com",
      "username": "Clovis49",
      "password": "FUprNa_5HXloaKJ",
      "phone": "1-687-731-0587 x0330",
      "streetaddress": "6917 Mason Locks",
      "citystatezip": "Torpbury, WA 68662-6128",
      "latitude": "88.3747",
      "longitude": "165.4778",
      "avatar": "https://s3.amazonaws.com/uifaces/faces/twitter/waghner/128.jpg"
    },
    {
      "name": "Johnathan McClure",
      "dob": "1965-6-16",
      "email": "Johnathan96@gmail.com",
      "username": "Johnathan_McClure",
      "password": "BPEOBOAPsY5pbWO",
      "phone": "1-478-402-1375 x49325",
      "streetaddress": "3616 Predovic Coves",
      "citystatezip": "Feestland, MI 92688-3807",
      "latitude": "-29.8072",
      "longitude": "-138.9385",
      "avatar": "https://s3.amazonaws.com/uifaces/faces/twitter/michaelmartinho/128.jpg"
    },
    {
      "name": "Danny Roberts",
      "dob": "1970-7-5",
      "email": "Danny_Roberts@gmail.com",
      "username": "Danny.Roberts",
      "password": "of6hGqIg2eggLHW",
      "phone": "1-616-219-2056 x6383",
      "streetaddress": "131 Cormier Grove",
      "citystatezip": "Boylechester, ME 18938",
      "latitude": "44.0860",
      "longitude": "-51.8795",
      "avatar": "https://s3.amazonaws.com/uifaces/faces/twitter/jeremymouton/128.jpg"
    },
    {
      "name": "Ms. Modesto Mayer",
      "dob": "1978-7-26",
      "email": "Modesto22@yahoo.com",
      "username": "Modesto_Mayer35",
      "password": "HXp6u3rlcJ7vTN6",
      "phone": "(659) 411-9615",
      "streetaddress": "44053 Klocko Track",
      "citystatezip": "Schmelerville, MO 60990-3691",
      "latitude": "-53.5979",
      "longitude": "-42.5706",
      "avatar": "https://s3.amazonaws.com/uifaces/faces/twitter/vitorleal/128.jpg"
    },
    {
      "name": "Jeffery Russel IV",
      "dob": "1972-10-13",
      "email": "Jeffery_Russel97@gmail.com",
      "username": "Jeffery.Russel4",
      "password": "SyKohifyUvBjqSt",
      "phone": "822-700-8584 x2508",
      "streetaddress": "75983 Gottlieb Well",
      "citystatezip": "Port Leonardoshire, LA 30152",
      "latitude": "-62.6549",
      "longitude": "72.0707",
      "avatar": "https://s3.amazonaws.com/uifaces/faces/twitter/nyancecom/128.jpg"
    },
    {
      "name": "Elna Armstrong",
      "dob": "1983-4-4",
      "email": "Elna.Armstrong@yahoo.com",
      "username": "Elna.Armstrong50",
      "password": "J9BgFrnQbjCKSQE",
      "phone": "246-765-6770 x146",
      "streetaddress": "6093 Krajcik Cape",
      "citystatezip": "Port Darrionmouth, LA 83697",
      "latitude": "-70.0398",
      "longitude": "133.3128",
      "avatar": "https://s3.amazonaws.com/uifaces/faces/twitter/nessoila/128.jpg"
    },
    {
      "name": "Lexus Homenick",
      "dob": "1966-12-6",
      "email": "Lexus92@yahoo.com",
      "username": "Lexus.Homenick",
      "password": "WLPcDWl_nWwh_5I",
      "phone": "516.239.1258 x540",
      "streetaddress": "59769 Pagac Pines",
      "citystatezip": "New Amalia, WI 95399",
      "latitude": "60.8521",
      "longitude": "-72.3548",
      "avatar": "https://s3.amazonaws.com/uifaces/faces/twitter/artvavs/128.jpg"
    },
    {
      "name": "Donato Leannon",
      "dob": "1976-5-27",
      "email": "Donato12@yahoo.com",
      "username": "Donato23",
      "password": "_FjPh6MSY7sJn3J",
      "phone": "281-579-6349 x666",
      "streetaddress": "9219 Tristian Plains",
      "citystatezip": "Koelpinberg, IN 85723-1794",
      "latitude": "17.2381",
      "longitude": "-95.8804",
      "avatar": "https://s3.amazonaws.com/uifaces/faces/twitter/leehambley/128.jpg"
    },
    {
      "name": "Millie Rempel",
      "dob": "1980-8-11",
      "email": "Millie95@hotmail.com",
      "username": "Millie66",
      "password": "i6AwgARbSE8EG8K",
      "phone": "282-546-5750 x91662",
      "streetaddress": "73615 Deron Island",
      "citystatezip": "South Cali, WA 77211-7519",
      "latitude": "28.2560",
      "longitude": "102.7347",
      "avatar": "https://s3.amazonaws.com/uifaces/faces/twitter/guiiipontes/128.jpg"
    },
    {
      "name": "Naomi Gulgowski",
      "dob": "1986-4-1",
      "email": "Naomi38@gmail.com",
      "username": "Naomi1",
      "password": "t_fhOZ_DmbY5WG8",
      "phone": "(429) 312-9499",
      "streetaddress": "7929 Leuschke Meadows",
      "citystatezip": "Loriport, MO 47438-4391",
      "latitude": "-7.4071",
      "longitude": "72.1986",
      "avatar": "https://s3.amazonaws.com/uifaces/faces/twitter/jarjan/128.jpg"
    },
    {
      "name": "Michel Veum",
      "dob": "1987-1-6",
      "email": "Michel11@gmail.com",
      "username": "Michel92",
      "password": "426uOoFXgvxUBWl",
      "phone": "649-435-4208 x1030",
      "streetaddress": "6112 Leif Gardens",
      "citystatezip": "Deannamouth, MA 56461",
      "latitude": "-59.8274",
      "longitude": "56.0570",
      "avatar": "https://s3.amazonaws.com/uifaces/faces/twitter/angelcreative/128.jpg"
    },
    {
      "name": "Dixie Kozey",
      "dob": "1956-8-21",
      "email": "Dixie.Kozey@hotmail.com",
      "username": "Dixie.Kozey77",
      "password": "dvO3rlTyobvCm0z",
      "phone": "335.680.4514 x353",
      "streetaddress": "99044 Hillary Freeway",
      "citystatezip": "Amiyachester, TX 91715",
      "latitude": "-32.5861",
      "longitude": "174.4719",
      "avatar": "https://s3.amazonaws.com/uifaces/faces/twitter/michaelcolenso/128.jpg"
    },
    {
      "name": "Ms. Jennie Howe",
      "dob": "1947-11-2",
      "email": "Jennie.Howe@hotmail.com",
      "username": "Jennie.Howe58",
      "password": "9Z3eSXyj9wcrqiG",
      "phone": "(569) 461-9705",
      "streetaddress": "68859 Darron Place",
      "citystatezip": "Port Kole, SC 81196",
      "latitude": "78.6030",
      "longitude": "-68.9593",
      "avatar": "https://s3.amazonaws.com/uifaces/faces/twitter/janpalounek/128.jpg"
    },
    {
      "name": "Domingo Leffler",
      "dob": "1974-12-20",
      "email": "Domingo_Leffler@gmail.com",
      "username": "Domingo_Leffler",
      "password": "ljjKDYFfLx2f2KG",
      "phone": "208-429-4927 x63271",
      "streetaddress": "233 Daugherty Motorway",
      "citystatezip": "Elwynbury, KS 78216",
      "latitude": "84.7660",
      "longitude": "163.9942",
      "avatar": "https://s3.amazonaws.com/uifaces/faces/twitter/nerdgr8/128.jpg"
    },
    {
      "name": "Heather Stehr",
      "dob": "1956-9-29",
      "email": "Heather_Stehr82@yahoo.com",
      "username": "Heather_Stehr",
      "password": "SHW7JsiXCLiQq6q",
      "phone": "1-628-581-7799 x0571",
      "streetaddress": "10471 Wilkinson River",
      "citystatezip": "Hodkiewiczland, SD 17791-9455",
      "latitude": "4.3440",
      "longitude": "7.5556",
      "avatar": "https://s3.amazonaws.com/uifaces/faces/twitter/layerssss/128.jpg"
    },
    {
      "name": "Shanna Cormier",
      "dob": "1966-6-1",
      "email": "Shanna_Cormier@gmail.com",
      "username": "Shanna60",
      "password": "GyuistTdI505MZk",
      "phone": "220-648-3137 x49486",
      "streetaddress": "159 Okuneva Tunnel",
      "citystatezip": "West Boydport, TX 43881",
      "latitude": "67.0062",
      "longitude": "168.4415",
      "avatar": "https://s3.amazonaws.com/uifaces/faces/twitter/vitorleal/128.jpg"
    },
    {
      "name": "Lavern Smitham DDS",
      "dob": "1982-7-10",
      "email": "Lavern17@yahoo.com",
      "username": "Lavern_Smitham50",
      "password": "DrXL87AxW_YgXKg",
      "phone": "923-660-5595",
      "streetaddress": "217 Destinee Heights",
      "citystatezip": "North Lillianland, WY 73396",
      "latitude": "43.2531",
      "longitude": "-99.3991",
      "avatar": "https://s3.amazonaws.com/uifaces/faces/twitter/deeenright/128.jpg"
    },
    {
      "name": "Lindsay Schumm",
      "dob": "1987-10-26",
      "email": "Lindsay.Schumm21@hotmail.com",
      "username": "Lindsay.Schumm",
      "password": "XjBAWq6XCry2k7E",
      "phone": "(326) 533-8907 x3106",
      "streetaddress": "179 Aurelie Haven",
      "citystatezip": "Kochburgh, NE 92869-6408",
      "latitude": "30.6785",
      "longitude": "-151.5277",
      "avatar": "https://s3.amazonaws.com/uifaces/faces/twitter/imsoper/128.jpg"
    },
    {
      "name": "Kameron Effertz",
      "dob": "1987-7-12",
      "email": "Kameron_Effertz@yahoo.com",
      "username": "Kameron64",
      "password": "BpRLBWRx5KSX9Y5",
      "phone": "375.747.5879 x13762",
      "streetaddress": "5373 Funk Centers",
      "citystatezip": "Orionmouth, MO 24061",
      "latitude": "23.8856",
      "longitude": "-43.4452",
      "avatar": "https://s3.amazonaws.com/uifaces/faces/twitter/maiklam/128.jpg"
    },
    {
      "name": "Derick Simonis",
      "dob": "1970-11-17",
      "email": "Derick_Simonis96@hotmail.com",
      "username": "Derick_Simonis63",
      "password": "17Yj0sPZby8ODau",
      "phone": "(738) 393-5689",
      "streetaddress": "49427 Isadore Freeway",
      "citystatezip": "East Reba, WI 27327-6212",
      "latitude": "88.4547",
      "longitude": "-133.4747",
      "avatar": "https://s3.amazonaws.com/uifaces/faces/twitter/vlajki/128.jpg"
    },
    {
      "name": "Dorcas Hintz",
      "dob": "1958-9-15",
      "email": "Dorcas.Hintz16@gmail.com",
      "username": "Dorcas80",
      "password": "Dp1imsWBceK7eEw",
      "phone": "558.664.4483",
      "streetaddress": "0638 Bins Forge",
      "citystatezip": "Archfurt, NV 49545",
      "latitude": "24.7789",
      "longitude": "-161.9800",
      "avatar": "https://s3.amazonaws.com/uifaces/faces/twitter/twittypork/128.jpg"
    },
    {
      "name": "Damion Swift",
      "dob": "1966-5-25",
      "email": "Damion93@yahoo.com",
      "username": "Damion.Swift",
      "password": "snv3AnYeZLdpnQa",
      "phone": "725.410.5412 x907",
      "streetaddress": "652 Lila Mills",
      "citystatezip": "Kubberg, HI 27815",
      "latitude": "57.2772",
      "longitude": "87.2080",
      "avatar": "https://s3.amazonaws.com/uifaces/faces/twitter/daykiine/128.jpg"
    },
    {
      "name": "Luis Renner",
      "dob": "1972-7-25",
      "email": "Luis_Renner26@yahoo.com",
      "username": "Luis80",
      "password": "s5L7BiMU0c5J4NN",
      "phone": "224.499.1344 x814",
      "streetaddress": "664 Kessler Rest",
      "citystatezip": "Hilmamouth, AL 37156",
      "latitude": "-30.8826",
      "longitude": "96.5876",
      "avatar": "https://s3.amazonaws.com/uifaces/faces/twitter/taybenlor/128.jpg"
    },
    {
      "name": "Ms. Pansy Douglas",
      "dob": "1977-2-5",
      "email": "Pansy41@hotmail.com",
      "username": "Pansy_Douglas",
      "password": "tgTbJYiAqTaM90D",
      "phone": "445.753.4148",
      "streetaddress": "6540 Angus Parks",
      "citystatezip": "Mertzstad, VA 45251-1211",
      "latitude": "-0.8825",
      "longitude": "112.3063",
      "avatar": "https://s3.amazonaws.com/uifaces/faces/twitter/cyril_gaillard/128.jpg"
    },
    {
      "name": "Sophie Friesen",
      "dob": "1991-1-15",
      "email": "Sophie_Friesen73@hotmail.com",
      "username": "Sophie.Friesen53",
      "password": "ySPn2gn554rXITL",
      "phone": "443-474-2258 x63652",
      "streetaddress": "6946 Kiara Field",
      "citystatezip": "West Susannaberg, WV 64366-4699",
      "latitude": "26.0718",
      "longitude": "59.2117",
      "avatar": "https://s3.amazonaws.com/uifaces/faces/twitter/pierrestoffe/128.jpg"
    },
    {
      "name": "Molly Weissnat",
      "dob": "1989-5-16",
      "email": "Molly6@yahoo.com",
      "username": "Molly_Weissnat",
      "password": "kgo04i4jBudBurD",
      "phone": "(736) 498-7854 x307",
      "streetaddress": "6320 Maximilian Shores",
      "citystatezip": "Wittingside, MT 56719",
      "latitude": "-48.5057",
      "longitude": "83.6502",
      "avatar": "https://s3.amazonaws.com/uifaces/faces/twitter/felipecsl/128.jpg"
    },
    {
      "name": "Rory Daugherty",
      "dob": "1960-6-29",
      "email": "Rory.Daugherty46@yahoo.com",
      "username": "Rory_Daugherty",
      "password": "8vOTb3spl5QGklV",
      "phone": "329.950.2899 x7822",
      "streetaddress": "16931 Marilyne Knolls",
      "citystatezip": "New Dorianmouth, MD 93989-6106",
      "latitude": "-23.8206",
      "longitude": "161.9889",
      "avatar": "https://s3.amazonaws.com/uifaces/faces/twitter/notbadart/128.jpg"
    },
    {
      "name": "Deshawn Pfannerstill",
      "dob": "1986-1-17",
      "email": "Deshawn_Pfannerstill@hotmail.com",
      "username": "Deshawn.Pfannerstill",
      "password": "NSVaJT1VwzfPGlG",
      "phone": "274.858.7497",
      "streetaddress": "5505 Boehm Glen",
      "citystatezip": "Lake Everett, OK 07421",
      "latitude": "-51.2289",
      "longitude": "1.6924",
      "avatar": "https://s3.amazonaws.com/uifaces/faces/twitter/sweetdelisa/128.jpg"
    },
    {
      "name": "Lori Veum",
      "dob": "1974-3-31",
      "email": "Lori_Veum@yahoo.com",
      "username": "Lori_Veum",
      "password": "QPcROjhDvbOPkbg",
      "phone": "375.864.8744 x39952",
      "streetaddress": "83323 Derick Points",
      "citystatezip": "Jadenshire, AZ 39965-4280",
      "latitude": "2.6632",
      "longitude": "4.6038",
      "avatar": "https://s3.amazonaws.com/uifaces/faces/twitter/simobenso/128.jpg"
    },
    {
      "name": "Tremaine D'Amore",
      "dob": "1958-3-15",
      "email": "Tremaine_DAmore@gmail.com",
      "username": "Tremaine_DAmore",
      "password": "krK1ZEJij3aHAje",
      "phone": "242-614-9507",
      "streetaddress": "07355 Adell Flats",
      "citystatezip": "Zoeybury, OK 89248",
      "latitude": "23.8508",
      "longitude": "-129.3257",
      "avatar": "https://s3.amazonaws.com/uifaces/faces/twitter/gkaam/128.jpg"
    },
    {
      "name": "Dr. Jade Quigley",
      "dob": "1944-7-18",
      "email": "Jade_Quigley@yahoo.com",
      "username": "Jade.Quigley3",
      "password": "X5sG_4ztuls7Jcy",
      "phone": "796-979-4893",
      "streetaddress": "6616 Smitham Groves",
      "citystatezip": "Brekketown, MN 89296-2310",
      "latitude": "59.6969",
      "longitude": "55.0301",
      "avatar": "https://s3.amazonaws.com/uifaces/faces/twitter/n3dmax/128.jpg"
    },
    {
      "name": "Rudy Jacobi",
      "dob": "1984-4-22",
      "email": "Rudy90@gmail.com",
      "username": "Rudy54",
      "password": "yO0gfJauwvQQfar",
      "phone": "720.557.5697 x71929",
      "streetaddress": "4526 Lloyd Rapid",
      "citystatezip": "Bradtkefort, TX 53818-2691",
      "latitude": "-25.4567",
      "longitude": "-26.7014",
      "avatar": "https://s3.amazonaws.com/uifaces/faces/twitter/byryan/128.jpg"
    },
    {
      "name": "Susan Veum",
      "dob": "1987-6-26",
      "email": "Susan.Veum@gmail.com",
      "username": "Susan83",
      "password": "EBJQ1s6XMZZlMie",
      "phone": "(717) 913-9875",
      "streetaddress": "48889 Michele Gardens",
      "citystatezip": "Josianeside, IN 06336",
      "latitude": "81.7925",
      "longitude": "-75.0333",
      "avatar": "https://s3.amazonaws.com/uifaces/faces/twitter/megdraws/128.jpg"
    },
    {
      "name": "Kole Herzog",
      "dob": "1972-4-28",
      "email": "Kole_Herzog@gmail.com",
      "username": "Kole73",
      "password": "iHvUFiMLxJb7Kb2",
      "phone": "1-899-544-9105",
      "streetaddress": "9580 Kaycee Club",
      "citystatezip": "Danielchester, HI 39132",
      "latitude": "-3.9669",
      "longitude": "-19.8235",
      "avatar": "https://s3.amazonaws.com/uifaces/faces/twitter/jeremyshimko/128.jpg"
    },
    {
      "name": "Gerard Koch III",
      "dob": "1950-2-24",
      "email": "Gerard_Koch@hotmail.com",
      "username": "Gerard_Koch56",
      "password": "Zgf2piuiZ6zoPpF",
      "phone": "1-615-329-9520 x66503",
      "streetaddress": "265 McClure Port",
      "citystatezip": "South Albertobury, CO 18170-2728",
      "latitude": "55.5124",
      "longitude": "-158.8043",
      "avatar": "https://s3.amazonaws.com/uifaces/faces/twitter/bublienko/128.jpg"
    },
    {
      "name": "Evan Kunze",
      "dob": "1989-9-19",
      "email": "Evan.Kunze@gmail.com",
      "username": "Evan37",
      "password": "zh1ts6q7MPC1OAv",
      "phone": "449-382-0749 x94710",
      "streetaddress": "243 Gonzalo Expressway",
      "citystatezip": "West Leamouth, CT 40479",
      "latitude": "18.1223",
      "longitude": "90.8883",
      "avatar": "https://s3.amazonaws.com/uifaces/faces/twitter/ryandownie/128.jpg"
    },
    {
      "name": "Ena Zulauf",
      "dob": "1988-2-27",
      "email": "Ena68@yahoo.com",
      "username": "Ena_Zulauf",
      "password": "hJRMVX3r71_NkkQ",
      "phone": "1-494-782-9699 x4477",
      "streetaddress": "323 Dovie Forges",
      "citystatezip": "Port Daniela, GA 26411",
      "latitude": "18.7224",
      "longitude": "-22.6358",
      "avatar": "https://s3.amazonaws.com/uifaces/faces/twitter/falling_soul/128.jpg"
    },
    {
      "name": "Emmanuel Trantow",
      "dob": "1991-7-21",
      "email": "Emmanuel58@yahoo.com",
      "username": "Emmanuel_Trantow90",
      "password": "2NbgvG3u9fSK4BH",
      "phone": "543-622-4218",
      "streetaddress": "16527 Ansley Throughway",
      "citystatezip": "New Marquis, ND 16618",
      "latitude": "-58.4797",
      "longitude": "103.5789",
      "avatar": "https://s3.amazonaws.com/uifaces/faces/twitter/koridhandy/128.jpg"
    },
    {
      "name": "Sydnie Morar V",
      "dob": "1966-1-31",
      "email": "Sydnie.Morar@yahoo.com",
      "username": "Sydnie82",
      "password": "C2wgLTfkyoR5zCh",
      "phone": "(920) 421-0605 x8919",
      "streetaddress": "554 Rodrigo Mews",
      "citystatezip": "South Vincenzoport, VA 57224",
      "latitude": "37.3139",
      "longitude": "121.1425",
      "avatar": "https://s3.amazonaws.com/uifaces/faces/twitter/danvernon/128.jpg"
    },
    {
      "name": "Clarabelle Hodkiewicz",
      "dob": "1975-3-23",
      "email": "Clarabelle_Hodkiewicz75@gmail.com",
      "username": "Clarabelle_Hodkiewicz37",
      "password": "0xmF5xEADp9o_VO",
      "phone": "757.206.6077 x03635",
      "streetaddress": "800 McKenzie Glens",
      "citystatezip": "West Lenniehaven, AZ 61596",
      "latitude": "81.7413",
      "longitude": "179.6826",
      "avatar": "https://s3.amazonaws.com/uifaces/faces/twitter/mr_shiznit/128.jpg"
    },
    {
      "name": "Scotty Gottlieb",
      "dob": "1973-8-2",
      "email": "Scotty_Gottlieb8@hotmail.com",
      "username": "Scotty.Gottlieb88",
      "password": "7QFdWTepSVqg7ln",
      "phone": "676-461-4706 x1152",
      "streetaddress": "0094 Rick Corners",
      "citystatezip": "Avamouth, MT 08187-1164",
      "latitude": "84.5340",
      "longitude": "-12.2377",
      "avatar": "https://s3.amazonaws.com/uifaces/faces/twitter/thiagovernetti/128.jpg"
    },
    {
      "name": "Devin Ebert",
      "dob": "1984-12-23",
      "email": "Devin.Ebert@yahoo.com",
      "username": "Devin38",
      "password": "k0rnMMlzuK4Mqoc",
      "phone": "764.596.8095 x413",
      "streetaddress": "9332 Wilderman Islands",
      "citystatezip": "North Jaymeborough, HI 60852-2196",
      "latitude": "67.8401",
      "longitude": "122.0310",
      "avatar": "https://s3.amazonaws.com/uifaces/faces/twitter/vocino/128.jpg"
    },
    {
      "name": "Mr. Edison Dooley",
      "dob": "1969-12-28",
      "email": "Edison91@hotmail.com",
      "username": "Edison.Dooley",
      "password": "js6TWbCQU9i9P7L",
      "phone": "1-681-897-7960 x5499",
      "streetaddress": "1583 Marquardt Trail",
      "citystatezip": "Maiaburgh, AL 47624",
      "latitude": "-0.0845",
      "longitude": "88.9015",
      "avatar": "https://s3.amazonaws.com/uifaces/faces/twitter/tom_even/128.jpg"
    },
    {
      "name": "Reynold Bogan",
      "dob": "1963-8-28",
      "email": "Reynold_Bogan10@gmail.com",
      "username": "Reynold_Bogan93",
      "password": "Y0fkzBqXa41OIPH",
      "phone": "409-309-7987",
      "streetaddress": "0093 Ebert Valley",
      "citystatezip": "Nelsonhaven, GA 30676",
      "latitude": "87.6788",
      "longitude": "-49.3944",
      "avatar": "https://s3.amazonaws.com/uifaces/faces/twitter/bpartridge/128.jpg"
    },
    {
      "name": "Adrienne Ryan",
      "dob": "1949-3-17",
      "email": "Adrienne44@hotmail.com",
      "username": "Adrienne_Ryan6",
      "password": "lZL9kbhSt3knXwu",
      "phone": "409.891.0848",
      "streetaddress": "4936 Helga Parkway",
      "citystatezip": "Port Harveyland, ND 15938",
      "latitude": "62.4905",
      "longitude": "-51.1269",
      "avatar": "https://s3.amazonaws.com/uifaces/faces/twitter/vm_f/128.jpg"
    },
    {
      "name": "Jamar Ferry",
      "dob": "1950-11-24",
      "email": "Jamar56@hotmail.com",
      "username": "Jamar96",
      "password": "S1bsqKpZC3AxCg0",
      "phone": "578-650-5475 x750",
      "streetaddress": "109 Kshlerin Mountain",
      "citystatezip": "Parkerfort, NM 16371-5868",
      "latitude": "37.1167",
      "longitude": "-72.6377",
      "avatar": "https://s3.amazonaws.com/uifaces/faces/twitter/mslarkina/128.jpg"
    },
    {
      "name": "Sally Gislason",
      "dob": "1984-12-22",
      "email": "Sally4@gmail.com",
      "username": "Sally_Gislason",
      "password": "y8LpXCLHse8fcM3",
      "phone": "(858) 345-2059 x51624",
      "streetaddress": "392 Jocelyn Village",
      "citystatezip": "North Waylonhaven, WV 32168-7919",
      "latitude": "-24.2549",
      "longitude": "-36.6517",
      "avatar": "https://s3.amazonaws.com/uifaces/faces/twitter/scottkclark/128.jpg"
    },
    {
      "name": "Hilario Heller",
      "dob": "1982-12-7",
      "email": "Hilario.Heller@yahoo.com",
      "username": "Hilario_Heller",
      "password": "dhjyhRYFbwVHCqx",
      "phone": "(337) 596-5046 x07676",
      "streetaddress": "6010 Ferry Village",
      "citystatezip": "Hoegerside, WI 26229",
      "latitude": "-74.6239",
      "longitude": "-140.8972",
      "avatar": "https://s3.amazonaws.com/uifaces/faces/twitter/edgarchris99/128.jpg"
    },
    {
      "name": "Eino Spencer",
      "dob": "1960-9-13",
      "email": "Eino_Spencer11@hotmail.com",
      "username": "Eino_Spencer97",
      "password": "S009ndV2d3KAZSp",
      "phone": "856-784-3271 x06371",
      "streetaddress": "5403 Keebler Drive",
      "citystatezip": "South Karlee, WA 17633-4495",
      "latitude": "74.9482",
      "longitude": "-151.0142",
      "avatar": "https://s3.amazonaws.com/uifaces/faces/twitter/polarity/128.jpg"
    },
    {
      "name": "Timmothy Ruecker",
      "dob": "1968-6-10",
      "email": "Timmothy.Ruecker18@hotmail.com",
      "username": "Timmothy_Ruecker",
      "password": "eadEg1rQbZJ9v1I",
      "phone": "1-200-207-7620",
      "streetaddress": "93104 Hegmann Parks",
      "citystatezip": "Garrickville, NE 56678",
      "latitude": "-5.7779",
      "longitude": "93.1204",
      "avatar": "https://s3.amazonaws.com/uifaces/faces/twitter/chrismj83/128.jpg"
    },
    {
      "name": "Judd Gulgowski",
      "dob": "1954-11-7",
      "email": "Judd.Gulgowski@hotmail.com",
      "username": "Judd87",
      "password": "dFDJKuT1de_24sD",
      "phone": "652.216.8600 x2964",
      "streetaddress": "1929 Norene Drive",
      "citystatezip": "Rickiefort, KS 64325-0597",
      "latitude": "-13.7023",
      "longitude": "-1.3379",
      "avatar": "https://s3.amazonaws.com/uifaces/faces/twitter/illyzoren/128.jpg"
    },
    {
      "name": "Kiarra Lesch",
      "dob": "1956-2-25",
      "email": "Kiarra55@hotmail.com",
      "username": "Kiarra70",
      "password": "D2LjnYmeK6bcrXB",
      "phone": "362-375-5709 x97915",
      "streetaddress": "37058 Mossie Cape",
      "citystatezip": "Port Moriah, OH 51142",
      "latitude": "-57.6469",
      "longitude": "124.0728",
      "avatar": "https://s3.amazonaws.com/uifaces/faces/twitter/motionthinks/128.jpg"
    },
    {
      "name": "Randal Kessler",
      "dob": "1987-2-21",
      "email": "Randal90@gmail.com",
      "username": "Randal.Kessler",
      "password": "PWEjbCY2HDVjj_u",
      "phone": "952-240-4915",
      "streetaddress": "1980 Dominic Roads",
      "citystatezip": "Hermannton, WV 56912",
      "latitude": "27.0774",
      "longitude": "130.9937",
      "avatar": "https://s3.amazonaws.com/uifaces/faces/twitter/bruno_mart/128.jpg"
    },
    {
      "name": "Jasmin Schoen",
      "dob": "1988-4-14",
      "email": "Jasmin_Schoen@gmail.com",
      "username": "Jasmin.Schoen55",
      "password": "3Pia8VAFZDKHpuw",
      "phone": "1-921-622-7224 x010",
      "streetaddress": "468 Gusikowski Mission",
      "citystatezip": "Lake Llewellyn, VT 04388-8651",
      "latitude": "70.3174",
      "longitude": "-128.2006",
      "avatar": "https://s3.amazonaws.com/uifaces/faces/twitter/jffgrdnr/128.jpg"
    },
    {
      "name": "Alva Reichert",
      "dob": "1987-11-13",
      "email": "Alva.Reichert@yahoo.com",
      "username": "Alva.Reichert90",
      "password": "n63X6HoqDEB7FqX",
      "phone": "1-575-853-3860 x765",
      "streetaddress": "943 Darien Centers",
      "citystatezip": "South Alysson, KS 89920",
      "latitude": "-13.7763",
      "longitude": "-97.2468",
      "avatar": "https://s3.amazonaws.com/uifaces/faces/twitter/lawlbwoy/128.jpg"
    },
    {
      "name": "Carolina Pouros",
      "dob": "1984-12-10",
      "email": "Carolina73@hotmail.com",
      "username": "Carolina.Pouros47",
      "password": "HlrCsycMFpojUKw",
      "phone": "701-632-0346",
      "streetaddress": "14996 Andreanne Tunnel",
      "citystatezip": "North Laila, AR 04101",
      "latitude": "-88.0133",
      "longitude": "165.0282",
      "avatar": "https://s3.amazonaws.com/uifaces/faces/twitter/andrewcohen/128.jpg"
    },
    {
      "name": "Cleora Hand Jr.",
      "dob": "1990-5-19",
      "email": "Cleora19@hotmail.com",
      "username": "Cleora.Hand29",
      "password": "pXYkWoZDD3UQWbZ",
      "phone": "813-985-1978 x658",
      "streetaddress": "2394 Destini Oval",
      "citystatezip": "Naderview, IA 44393",
      "latitude": "-66.7479",
      "longitude": "-160.1946",
      "avatar": "https://s3.amazonaws.com/uifaces/faces/twitter/klimmka/128.jpg"
    },
    {
      "name": "Madison Fisher DVM",
      "dob": "1985-7-24",
      "email": "Madison51@hotmail.com",
      "username": "Madison_Fisher",
      "password": "yQFtP_3KG8oOgi7",
      "phone": "539-914-5872 x102",
      "streetaddress": "572 Morar Ports",
      "citystatezip": "Luisachester, MS 83672-5612",
      "latitude": "12.4589",
      "longitude": "94.8167",
      "avatar": "https://s3.amazonaws.com/uifaces/faces/twitter/timmillwood/128.jpg"
    },
    {
      "name": "Liliane Schneider",
      "dob": "1952-3-12",
      "email": "Liliane_Schneider@gmail.com",
      "username": "Liliane_Schneider44",
      "password": "yVnxQRf38uGLq5v",
      "phone": "224-955-5022",
      "streetaddress": "2676 Wilma Shore",
      "citystatezip": "Enriquehaven, RI 87613",
      "latitude": "-25.3985",
      "longitude": "155.3772",
      "avatar": "https://s3.amazonaws.com/uifaces/faces/twitter/cadikkara/128.jpg"
    },
    {
      "name": "Zackary Bailey III",
      "dob": "1957-10-11",
      "email": "Zackary2@yahoo.com",
      "username": "Zackary_Bailey",
      "password": "0YtinnpouNBL6sg",
      "phone": "366-390-9383 x16193",
      "streetaddress": "988 Lauretta Radial",
      "citystatezip": "Jaydeland, MA 94555-2084",
      "latitude": "83.3745",
      "longitude": "139.3619",
      "avatar": "https://s3.amazonaws.com/uifaces/faces/twitter/buzzusborne/128.jpg"
    },
    {
      "name": "Anjali Hirthe",
      "dob": "1962-5-15",
      "email": "Anjali17@yahoo.com",
      "username": "Anjali43",
      "password": "nRQpX5YdSZQSvBI",
      "phone": "935-938-5008",
      "streetaddress": "63285 Makenzie Loaf",
      "citystatezip": "Camillaland, IN 89390-9017",
      "latitude": "84.5635",
      "longitude": "-92.6138",
      "avatar": "https://s3.amazonaws.com/uifaces/faces/twitter/kkusaa/128.jpg"
    }
  ]
}